id,name,gender,height,weight,url
107074,Sijara Eubanks,Female,160.02,61,https://healthyceleb.com/sijara-eubanks-height-weight-age-body-statistics/107074
103013,Heather Miriam Watson,Female,167.64,55,https://healthyceleb.com/heather-watson-height-weight-age-body-statistics/103013
102777,Gabriella Patricia Taylor,Female,167.64,55,https://healthyceleb.com/gabriella-taylor-height-weight-age-body-statistics/102777
102549,Freya Nicole Christie,Female,180.34,60,https://healthyceleb.com/freya-christie-height-weight-age-body-statistics/102549
102630,Harriet Dart,Female,172.72,58,https://healthyceleb.com/harriet-dart-height-weight-age-body-statistics/102630
102818,Elina Svitolina,Female,173.99,60,https://healthyceleb.com/elina-svitolina-height-weight-age-body-statistics/102818
101765,Alana Rene Blanchard,Female,172.72,56,https://healthyceleb.com/alana-blanchard-height-weight-age-body-statistics/101765
101103,Bethany Meilani Hamilton,Female,180.34,65,https://healthyceleb.com/bethany-hamilton-height-weight-age-body-statistics/101103
101405,Tessa Jane McCormick Virtue,Female,162.56,50,https://healthyceleb.com/tessa-virtue-height-weight-age-body-statistics/101405
102748,Eden Giselle Silva,Female,172.72,59,https://healthyceleb.com/eden-silva-height-weight-age-body-statistics/102748
101939,Viktoriya Konstantinova Tomova,Female,170.18,58,https://healthyceleb.com/viktoriya-tomova-height-weight-age-body-statistics/101939
102901,Tara Shanice Moore,Female,162.56,58,https://healthyceleb.com/tara-moore-height-weight-age-body-statistics/102901
102938,Katy Dunne,Female,177.8,64,https://healthyceleb.com/katy-dunne-height-weight-age-body-statistics/102938
103760,Lauren Boden Wells,Female,179.07,66,https://healthyceleb.com/lauren-wells-height-weight-age-body-statistics/103760
102864,Katie Swan,Female,170.18,55,https://healthyceleb.com/katie-swan-height-weight-age-body-statistics/102864
106702,Lauren Zoe Hernandez,Female,154.94,54,https://healthyceleb.com/laurie-hernandez-height-weight-age-body-statistics/106702
108220,Anastasia Electra Ashley,Female,172.72,58,https://healthyceleb.com/anastasia-ashley-height-weight-age-body-statistics/108220
107934,Ketlen Vieira,Female,172.72,61,https://healthyceleb.com/ketlen-vieira-height-weight-age-body-statistics/107934
107073,Katlyn Chookagian,Female,175.26,61,https://healthyceleb.com/katlyn-chookagian-height-weight-age-body-statistics/107073
108182,Alison Fernandez,Female,147.32,40,https://healthyceleb.com/alison-fernandez-height-weight-age-body-statistics/108182
99390,Naomi Broady,Female,187.96,70,https://healthyceleb.com/naomi-broady-height-weight-age-body-statistics/99390
98794,Stephanie Louise Rice,Female,175.9,67,https://healthyceleb.com/stephanie-rice-swimmer-height-weight-age-body-statistics/98794
89883,Kristine Tsuya Yamaguchi,Female,151.13,45,https://healthyceleb.com/kristi-yamaguchi-height-weight-age-body-statistics/89883
99345,Katie Boulter,Female,180.34,68,https://healthyceleb.com/katie-boulter-height-weight-age-body-statistics/99345
90262,Steffanie Newell,Female,167.64,64,https://healthyceleb.com/nixon-newell-height-weight-age-body-statistics/90262
90697,Isabella Cuda,Female,137.16,44,https://healthyceleb.com/isabella-cuda-height-weight-age-body-statistics/90697
90671,Mercedes Kaestner-Varnado,Female,165.1,52,https://healthyceleb.com/sasha-banks-height-weight-age-body-statistics/90671
91594,Tessa Blanchard,Female,165.1,57,https://healthyceleb.com/tessa-blanchard-height-weight-age-body-statistics/91594
91766,Britt Baker,Female,170.18,55,https://healthyceleb.com/britt-baker-wrestler-height-weight-age-body-statistics/91766
91786,Trinity McCray,Female,165.1,55,https://healthyceleb.com/naomi-wrestler-height-weight-age-body-statistics/91786
91823,Brooke Ellen Bollea,Female,180.34,67,https://healthyceleb.com/brooke-hogan-height-weight-age-body-statistics/91823
91915,Gabrielle Christina Victoria Douglas,Female,157.48,50,https://healthyceleb.com/gabby-douglas-height-weight-age-body-statistics/91915
91744,Masami Odate,Female,156.21,54,https://healthyceleb.com/io-shirai-height-weight-age-body-statistics/91744
94210,Indi Hartwell,Female,175.26,63,https://healthyceleb.com/indi-hartwell-height-weight-age-body-statistics/94210
91856,Natasha Paula Jonas,Female,170.18,60,https://healthyceleb.com/natasha-jonas-boxer-height-weight-age-body-statistics/91856
95774,Ashley Elizabeth Fliehr,Female,177.8,64,https://healthyceleb.com/charlotte-flair-height-weight-age-body-statistics/95774
97721,Živilė Raudonienė,Female,165.1,68,https://healthyceleb.com/aksana-wrestler-height-weight-age-body-statistics/97721
96997,Zahra Brittney Schreiber,Female,172.72,54,https://healthyceleb.com/zahra-schreiber-height-weight-age-body-statistics/96997
97850,Laura Robson,Female,180.34,66,https://healthyceleb.com/laura-robson-height-weight-age-body-statistics/97850
89284,Kanako Urai,Female,160.02,60,https://healthyceleb.com/asuka-wrestler-height-weight-age-body-statistics/89284
89317,Beatrice Priestley,Female,172.72,62,https://healthyceleb.com/bea-priestley-height-weight-age-body-statistics/89317
89611,Julie Beth Johnston,Female,170.18,61,https://healthyceleb.com/julie-ertz-height-weight-age-body-statistics/89611
84669,Kelianne Stankus,Female,167.64,50,https://healthyceleb.com/kelianne-stankus-height-weight-age-body-statistics/84669
84687,Sofie Dossi,Female,154.94,45,https://healthyceleb.com/sofie-dossi-height-weight-age-body-statistics/84687
98959,Nicola Adams,Female,165.1,54,https://healthyceleb.com/nicola-adams-height-weight-age-body-statistics/98959
87263,Paige Spiranac,Female,167.64,55,https://healthyceleb.com/paige-spiranac-height-weight-age-body-statistics/87263
87394,Gionna Jene Daddio,Female,160.02,50,https://healthyceleb.com/liv-morgan-height-weight-age-body-statistics/87394
87313,Katie Taylor,Female,165.1,60,https://healthyceleb.com/katie-taylor-height-weight-age-body-statistics/87313
88086,Savannah Marshall,Female,181.61,75,https://healthyceleb.com/savannah-marshall-height-weight-age-body-statistics/88086
88200,Amanda Saccomanno,Female,162.56,56,https://healthyceleb.com/mandy-rose-height-weight-age-body-statistics/88200
88215,Dori Elizabeth Prange,Female,162.56,55,https://healthyceleb.com/ruby-riott-height-weight-age-body-statistics/88215
88306,Jessica McKay,Female,172.72,60,https://healthyceleb.com/billie-kay-height-weight-age-body-statistics/88306
88326,Alexis Kaufman,Female,154.94,50,https://healthyceleb.com/alexa-bliss-height-weight-age-body-statistics/88326
88587,Adrienne Reese,Female,154.94,55,https://healthyceleb.com/ember-moon-height-weight-age-body-statistics/88587
88692,Sarah Bridges,Female,167.64,63,https://healthyceleb.com/sarah-logan-height-weight-age-body-statistics/88692
88655,Daria Berenato,Female,170.18,59,https://healthyceleb.com/sonya-deville-height-weight-age-body-statistics/88655
88786,Tenille Averil Dashwood,Female,165.1,60,https://healthyceleb.com/tenille-dashwood-height-weight-age-body-statistics/88786
89132,Cassie McIntosh,Female,170.18,60,https://healthyceleb.com/peyton-royce-height-weight-age-body-statistics/89132
62174,Simone Arianne Biles,Female,142.24,46,https://healthyceleb.com/simone-biles-height-weight-body-statistics/62174
62474,Nancy Ann Kerrigan,Female,162.56,55,https://healthyceleb.com/nancy-kerrigan-height-weight-body-statistics/62474
64625,Hope Amelia Solo,Female,175.26,68,https://healthyceleb.com/hope-solo-height-weight-body-statistics/64625
62233,Shawn Machel East,Female,149.86,45,https://healthyceleb.com/shawn-johnson-height-weight-body-statistics/62233
66314,Anna Sergeyevna Kournikova,Female,172.72,61,https://healthyceleb.com/anna-kournikova-height-weight-body-statistics/66314
66532,Analeigh Christian Tipton,Female,176.53,58,https://healthyceleb.com/analeigh-tipton-height-weight-body-statistics/66532
89028,Kathleen Genevieve Ledecky,Female,182.88,70,https://healthyceleb.com/katie-ledecky-height-weight-age-body-statistics/89028
68200,Laila Amaria Ali,Female,177.8,70,https://healthyceleb.com/laila-ali-height-weight-body-statistics/68200
68655,Anastasia Valeryevna Liukin,Female,160.02,52,https://healthyceleb.com/nastia-liukin-height-weight-body-statistics/68655
69208,Paige Michelle VanZant,Female,162.56,52,https://healthyceleb.com/paige-vanzant-height-weight-body-statistics/69208
72105,Jessica Fox,Female,165.74,60,https://healthyceleb.com/canoeist-jessica-fox-height-weight-body-statistics/72105
73315,McKayla Rose Maroney,Female,160.02,53,https://healthyceleb.com/mckayla-maroney-height-weight-body-statistics/73315
73569,Sydney Rae Leroux,Female,170.18,66,https://healthyceleb.com/sydney-leroux-height-weight-body-statistics/73569
73719,Stephanie Nicole Garcia-Colace,Female,167.64,55,https://healthyceleb.com/nikki-bella-height-weight-body-statistics/73719
78132,Ariana Alyse Berlin,Female,157.48,53,https://healthyceleb.com/ariana-berlin-height-weight-age-body-statistics/78132
80587,Paula Caroline Creamer,Female,175.26,60,https://healthyceleb.com/paula-creamer-height-weight-age-body-statistics/80587
83328,Mikaela Pauline Shiffrin,Female,170.18,64,https://healthyceleb.com/mikaela-shiffrin-height-weight-age-body-statistics/83328
83277,Alexa Paige Scimeca,Female,157.48,45,https://healthyceleb.com/alexa-scimeca-knierim-height-weight-age-body-statistics/83277
83342,Aja Evans,Female,177.8,68,https://healthyceleb.com/aja-evans-bobsledder-height-weight-age-body-statistics/83342
61080,Maria Louise Kanellis,Female,170.18,55,https://healthyceleb.com/maria-kanellis-height-weight-body-statistics/61080
51838,Tímea Babos,Female,179.07,71,https://healthyceleb.com/timea-babos-height-weight-body-statistics/51838
50801,Victória Fyódorovna Azárenka,Female,182.88,70,https://healthyceleb.com/victoria-azarenka-height-weight-body-statistics/50801
51864,Yaroslava Vyacheslavovna Shvedova,Female,180.34,70,https://healthyceleb.com/yaroslava-shvedova-height-weight-body-statistics/51864
53359,Carli Anne Lloyd,Female,172.72,64,https://healthyceleb.com/carli-lloyd-height-weight-body-statistics/53359
53733,Johanna Konta,Female,180.34,70,https://healthyceleb.com/johanna-konta-height-weight-body-statistics/53733
54098,Angelique Kerber,Female,172.72,73,https://healthyceleb.com/angelique-kerber-height-weight-body-statistics/54098
54086,Maja Ognjenović,Female,182.88,67,https://healthyceleb.com/maja-ognjenovic-height-weight-body-statistics/54086
54351,Caroline Wozniacki,Female,177.17,63,https://healthyceleb.com/caroline-wozniacki-height-weight-body-statistics/54351
54572,Milena Rašić,Female,191.14,72,https://healthyceleb.com/milena-rasic-height-weight-body-statistics/54572
54736,Kristýna Plíšková,Female,184.15,73,https://healthyceleb.com/kristyna-pliskova-height-weight-body-statistics/54736
54721,Elena Delle Donne,Female,195.58,85,https://healthyceleb.com/elena-delle-donne-height-weight-body-statistics/54721
54761,Karolína Plíšková,Female,186.06,72,https://healthyceleb.com/karolina-pliskova-height-weight-body-statistics/54761
58374,Meryl Elizabeth Davis,Female,157.48,49,https://healthyceleb.com/meryl-davis-height-weight-body-statistics/58374
58336,Alexandra Patricia Morgan,Female,170.18,56,https://healthyceleb.com/alex-morgan-height-weight-body-statistics/58336
58402,Lindsey Caroline Kildow,Female,177.8,64,https://healthyceleb.com/lindsey-vonn-height-weight-body-statistics/58402
60158,Julianna Peña,Female,170.18,61,https://healthyceleb.com/julianna-pena-height-weight-body-statistics/60158
60166,Amanda Lourenço Nunes,Female,172.72,63,https://healthyceleb.com/amanda-nunes-height-weight-body-statistics/60166
83496,Madison L. Hubbell,Female,170.18,67,https://healthyceleb.com/madison-hubbell-height-weight-age-body-statistics/83496
60794,Stefanie Maria Graf,Female,175.9,64,https://healthyceleb.com/steffi-graf-height-weight-body-statistics/60794
84613,Jessica Diggins,Female,162.56,58,https://healthyceleb.com/jessie-diggins-height-weight-age-body-statistics/84613
89636,Thea Megan Trinidad,Female,154.94,48,https://healthyceleb.com/zelina-vega-height-weight-age-body-statistics/89636
57357,Alexandra Rose Raisman,Female,157.48,52,https://healthyceleb.com/aly-raisman-height-weight-body-statistics/57357
122333,Fernando Luiz Roza,Male,177.8,72,https://healthyceleb.com/fernandinho-footballer-born-may-1985-height-weight-age-body-statistics/122333
118851,Ederson Santana de Moraes,Male,187.96,83,https://healthyceleb.com/ederson-moraes-height-weight-age-body-statistics/118851
119341,Nicolás Hernán Gonzalo Otamendi,Male,180.98,74,https://healthyceleb.com/nicolas-otamendi-height-weight-age-body-statistics/119341
119692,Sergej Milinković-Savić,Male,191.77,76,https://healthyceleb.com/sergej-milinkovic-savic-height-weight-age-body-statistics/119692
117077,Ciro Immobile,Male,185.42,72,https://healthyceleb.com/ciro-immobile-height-weight-age-body-statistics/117077
118817,Fabian Delph,Male,175.26,67,https://healthyceleb.com/fabian-delph-height-weight-age-body-statistics/118817
119745,Rodrigo Bentancur Colmán,Male,187.96,73,https://healthyceleb.com/rodrigo-bentancur-height-weight-age-body-statistics/119745
118387,Aymeric Jean Louis Gerard Alphonse Laporte,Male,190.5,82,https://healthyceleb.com/aymeric-laporte-height-weight-age-body-statistics/118387
117063,Callum Eddie Graham Wilson,Male,180.34,72,https://healthyceleb.com/callum-wilson-english-footballer-height-weight-age-body-statistics/117063
117066,Stephan Kareem El Shaarawy,Male,177.8,72,https://healthyceleb.com/stephan-el-shaarawy-height-weight-age-body-statistics/117066
118391,Alex Sandro Lobo Silva,Male,180.34,70,https://healthyceleb.com/alex-sandro-height-weight-age-body-statistics/118391
117298,Khabib Abdulmanapovich Nurmagomedov,Male,177.8,70,https://healthyceleb.com/khabib-nurmagomedov-height-weight-age-body-statistics/117298
120352,Lonzo Anderson Ball,Male,195.58,95,https://healthyceleb.com/lonzo-ball-height-weight-age-body-statistics/120352
121101,Ross Barkley,Male,185.42,86,https://healthyceleb.com/ross-barkley-height-weight-age-body-statistics/121101
121956,Stephen James Hendry,Male,185.42,84,https://healthyceleb.com/stephen-james-model-height-weight-age-body-statistics/121956
121971,Memphis Depay,Male,175.9,78,https://healthyceleb.com/memphis-depay-height-weight-age-body-statistics/121971
116960,Jenson Alexander Lyons Button,Male,182.88,76,https://healthyceleb.com/jenson-button-height-weight-age-body-statistics/116960
116878,Giovanni Pablo Simeone Baldini,Male,180.34,68,https://healthyceleb.com/giovanni-simeone-height-weight-age-body-statistics/116878
116826,Nabil Fekir,Male,172.72,72,https://healthyceleb.com/nabil-fekir-height-weight-age-body-statistics/116826
121963,İlkay Gündoğan,Male,179.71,78,https://healthyceleb.com/ilkay-gundogan-height-weight-age-body-statistics/121963
110930,Shkodran Mustafi,Male,184.15,73,https://healthyceleb.com/shkodran-mustafi-height-weight-age-body-statistics/110930
111067,LaMelo LaFrance Ball,Male,198.12,76,https://healthyceleb.com/lamelo-ball-height-weight-age-body-statistics/111067
111025,Dimitri Payet,Male,175.26,76,https://healthyceleb.com/dimitri-payet-height-weight-age-body-statistics/111025
111921,Radja Nainggolan,Male,176.53,71,https://healthyceleb.com/radja-nainggolan-height-weight-age-body-statistics/111921
113344,Adama Traoré Diarra,Male,177.8,76,https://healthyceleb.com/adama-traore-footballer-born-1996-height-weight-age-body-statistics/113344
112690,Steven N’Kemboanza Mike Nzonzi,Male,195.58,83,https://healthyceleb.com/steven-nzonzi-height-weight-age-body-statistics/112690
116541,Gegard Mousasi,Male,185.42,84,https://healthyceleb.com/gegard-mousasi-height-weight-age-body-statistics/116541
113518,Patrick Cutrone,Male,184.15,75,https://healthyceleb.com/patrick-cutrone-height-weight-age-body-statistics/113518
113979,Franck Yannick Kessié,Male,182.88,82,https://healthyceleb.com/franck-kessie-height-weight-age-body-statistics/113979
114026,Rashid Khan Arman,Male,167.64,67,https://healthyceleb.com/rashid-khan-cricketer-height-weight-age-body-statistics/114026
113685,Kevin De Bruyne,Male,180.98,73,https://healthyceleb.com/kevin-de-bruyne-height-weight-age-body-statistics/113685
114283,Ryan Fraser,Male,162.56,67,https://healthyceleb.com/ryan-fraser-height-weight-age-body-statistics/114283
114110,James Daniel Maddison,Male,175.26,73,https://healthyceleb.com/james-maddison-height-weight-age-body-statistics/114110
114153,Michy Batshuayi-Atunga,Male,185.42,84,https://healthyceleb.com/michy-batshuayi-height-weight-age-body-statistics/114153
115547,Georginio Gregion Emile Wijnaldum,Male,175.26,70,https://healthyceleb.com/georginio-wijnaldum-height-weight-age-body-statistics/115547
114574,Julian Draxler,Male,185.42,72,https://healthyceleb.com/julian-draxler-height-weight-age-body-statistics/114574
115325,Marc Kevin Albrighton,Male,175.26,67,https://healthyceleb.com/marc-albrighton-height-weight-age-body-statistics/115325
116887,Giovani Lo Celso,Male,177.17,68,https://healthyceleb.com/giovani-lo-celso-height-weight-age-body-statistics/116887
115594,Granit Xhaka,Male,182.88,70,https://healthyceleb.com/granit-xhaka-height-weight-age-body-statistics/115594
116542,Tyler Gregory Eifert,Male,198.12,116,https://healthyceleb.com/tyler-eifert-height-weight-age-body-statistics/116542
110915,Luis Alberto Romero Alconchel,Male,182.25,75,https://healthyceleb.com/luis-alberto-footballer-born-1992-height-weight-age-body-statistics/110915
108364,Florian Kohler,Male,177.8,66,https://healthyceleb.com/florian-kohler-height-weight-age-body-statistics/108364
107962,Alexander Chuka Iwobi,Male,185.42,75,https://healthyceleb.com/alex-iwobi-height-weight-age-body-statistics/107962
107771,Marko Arnautovic,Male,191.77,83,https://healthyceleb.com/marko-arnautovic-height-weight-age-body-statistics/107771
108663,Lorenzo Insigne,Male,162.56,64,https://healthyceleb.com/lorenzo-insigne-height-weight-age-body-statistics/108663
108828,Javier Matías Pastore,Male,186.69,78,https://healthyceleb.com/javier-pastore-height-weight-age-body-statistics/108828
108874,Dazet Wilfried Armel Zaha,Male,180.34,66,https://healthyceleb.com/wilfried-zaha-height-weight-age-body-statistics/108874
108766,Lance Stephenson Jr.,Male,198.12,104,https://healthyceleb.com/lance-stephenson-height-weight-age-body-statistics/108766
108935,Roberto Maximiliano Pereyra,Male,182.25,75,https://healthyceleb.com/roberto-pereyra-height-weight-age-body-statistics/108935
110251,Axel Laurent Angel Lambert Witsel,Male,186.06,80,https://healthyceleb.com/axel-witsel-height-weight-age-body-statistics/110251
110218,Diego Sebastián Schwartzman,Male,170.18,65,https://healthyceleb.com/diego-schwartzman-height-weight-age-body-statistics/110218
110359,Piotr Sebastian Zieliński,Male,177.8,68,https://healthyceleb.com/piotr-zielinski-height-weight-age-body-statistics/110359
109994,Cody Ray Allen Garbrandt,Male,172.09,61,https://healthyceleb.com/cody-garbrandt-height-weight-age-body-statistics/109994
109751,Dominick Rojelio Cruz,Male,172.72,61,https://healthyceleb.com/dominick-cruz-height-weight-age-body-statistics/109751
109562,Jerome Max Keliʻi Holloway,Male,180.34,66,https://healthyceleb.com/max-holloway-height-weight-age-body-statistics/109562
110265,Aleksandar Mitrović,Male,187.96,87,https://healthyceleb.com/aleksandar-mitrovic-footballer-height-weight-age-body-statistics/110265
110274,Konstantinos Manolas,Male,189.23,85,https://healthyceleb.com/kostas-manolas-height-weight-age-body-statistics/110274
110376,Jean Michaël Seri,Male,167.64,65,https://healthyceleb.com/jean-michael-seri-height-weight-age-body-statistics/110376
107946,Pedro Eliezer Rodríguez Ledesma,Male,168.91,66,https://healthyceleb.com/pedro-footballer-b-1987-height-weight-age-body-statistics/107946
101080,Aleksandar Kolarov,Male,186.69,80,https://healthyceleb.com/aleksandar-kolarov-height-weight-age-body-statistics/101080
101982,Hardik Himanshu Pandya,Male,182.88,70,https://healthyceleb.com/hardik-pandya-height-weight-age-body-statistics/101982
102965,Andre Jamal Drummond,Male,208.28,127,https://healthyceleb.com/andre-drummond-height-weight-age-body-statistics/102965
103007,Deontay Leshun Wilder,Male,200.03,103,https://healthyceleb.com/deontay-wilder-height-weight-age-body-statistics/103007
105371,Peter James Crouch,Male,201.93,75,https://healthyceleb.com/peter-crouch-height-weight-age-body-statistics/105371
104812,Daniel James Amendola,Male,180.34,77,https://healthyceleb.com/danny-amendola-height-weight-age-body-statistics/104812
106185,Benjamin Mendy,Male,182.88,85,https://healthyceleb.com/benjamin-mendy-height-weight-age-body-statistics/106185
106321,Jorge Luiz Frello Filho,Male,180.34,71,https://healthyceleb.com/jorginho-footballer-born-1991-height-weight-age-body-statistics/106321
106307,Richarlison de Andrade,Male,179.07,71,https://healthyceleb.com/richarlison-height-weight-age-body-statistics/106307
106274,Bernardo Mota Veiga de Carvalho e Silva,Male,172.72,64,https://healthyceleb.com/bernardo-silva-height-weight-age-body-statistics/106274
105998,Jason Belmonte,Male,177.8,74,https://healthyceleb.com/jason-belmonte-height-weight-age-body-statistics/105998
106444,Rúben Diogo da Silva Neves,Male,180.34,76,https://healthyceleb.com/ruben-neves-height-weight-age-body-statistics/106444
106591,Sébastien Olivier Buemi,Male,177.17,69,https://healthyceleb.com/sebastien-buemi-height-weight-age-body-statistics/106591
107168,Dries Mertens,Male,168.91,58,https://healthyceleb.com/dries-mertens-height-weight-age-body-statistics/107168
107601,Marcos Alonso Mendoza,Male,187.96,85,https://healthyceleb.com/marcos-alonso-mendoza-height-weight-age-body-statistics/107601
106633,Daniel Cormier,Male,177.17,112,https://healthyceleb.com/daniel-cormier-height-weight-age-body-statistics/106633
100557,Corentin Tolisso,Male,180.34,78,https://healthyceleb.com/corentin-tolisso-height-weight-age-body-statistics/100557
98969,Bamidele Jermaine Alli,Male,187.96,78,https://healthyceleb.com/dele-alli-height-weight-age-body-statistics/98969
99092,Jordan Brian Henderson,Male,186.69,78,https://healthyceleb.com/jordan-henderson-height-weight-age-body-statistics/99092
98377,Ousmane Dembélé,Male,177.8,73,https://healthyceleb.com/ousmane-dembele-height-weight-age-body-statistics/98377
99933,John Stones,Male,187.96,74,https://healthyceleb.com/john-stones-height-weight-age-body-statistics/99933
99377,Virgil van Dijk,Male,193.04,92,https://healthyceleb.com/virgil-van-dijk-height-weight-age-body-statistics/99377
100353,Kyle Andrew Walker,Male,177.8,73,https://healthyceleb.com/kyle-walker-height-weight-age-body-statistics/100353
99845,Mick Schumacher,Male,173.99,68,https://healthyceleb.com/mick-schumacher-height-weight-age-body-statistics/99845
99716,Héctor Bellerín Moruno,Male,177.8,74,https://healthyceleb.com/hector-bellerin-height-weight-age-body-statistics/99716
100687,Joe Thomas Barrett IV,Male,187.96,100,https://healthyceleb.com/j-t-barrett-height-weight-age-body-statistics/100687
100446,Adam David Lallana,Male,172.09,72,https://healthyceleb.com/adam-lallana-height-weight-age-body-statistics/100446
100356,Ashley Simon Young,Male,175.26,68,https://healthyceleb.com/ashley-young-height-weight-age-body-statistics/100356
98390,Mario Mandžukic,Male,189.87,85,https://healthyceleb.com/mario-mandzukic-height-weight-age-body-statistics/98390
100409,Kieran John Trippier,Male,172.72,70,https://healthyceleb.com/kieran-trippier-height-weight-age-body-statistics/100409
100777,Benjamin Pavard,Male,185.42,78,https://healthyceleb.com/benjamin-pavard-height-weight-age-body-statistics/100777
100804,Aleksandr Sergeyevich Golovin,Male,177.8,70,https://healthyceleb.com/aleksandr-golovin-footballer-height-weight-age-body-statistics/100804
100528,Hugo Lloris,Male,187.96,78,https://healthyceleb.com/hugo-lloris-height-weight-age-body-statistics/100528
100730,Sebastian Vettel,Male,175.26,68,https://healthyceleb.com/sebastian-vettel-height-weight-age-body-statistics/100730
100582,Enes Kanter,Male,210.82,111,https://healthyceleb.com/enes-kanter-height-weight-age-body-statistics/100582
107183,Lucas Rodrigues Moura da Silva,Male,172.72,70,https://healthyceleb.com/lucas-moura-height-weight-age-body-statistics/107183
109524,Raphael O. Assunção,Male,165.1,65,https://healthyceleb.com/raphael-assuncao-height-weight-age-body-statistics/109524
99308,Igor Vladimirovich Akinfeev,Male,185.42,76,https://healthyceleb.com/igor-akinfeev-height-weight-age-body-statistics/99308
109563,Sergio Jerome Pettis,Male,167.64,57,https://healthyceleb.com/sergio-pettis-height-weight-age-body-statistics/109563
109561,Demetrious Khrisna Johnson,Male,160.02,57,https://healthyceleb.com/demetrious-johnson-fighter-height-weight-age-body-statistics/109561
106631,Tyler Jeffery Dillashaw,Male,168.91,61,https://healthyceleb.com/t-j-dillashaw-height-weight-age-body-statistics/106631
